review,sentiment
This product exceeded all my expectations! Highly recommended.,positive
Worst purchase ever. Total waste of money.,negative
The quality is amazing and delivery was fast.,positive
Poor service and defective product on arrival.,negative
Absolutely love it! Great value for money.,positive
Disappointing experience from start to finish.,negative
Great product with excellent customer support.,positive
Product arrived damaged and no response from seller.,negative
Good quality at reasonable price. Happy with purchase.,positive
Terrible build quality. Broke after two weeks.,negative
Outstanding service and fantastic product quality.,positive
Not worth the price. Very disappointed.,negative
Perfect for my needs. Exceeded expectations.,positive
Defective item received. Very poor quality.,negative
Excellent product and fast shipping. Highly satisfied.,positive
Complete waste of money. Does not work as described.,negative
Amazing quality! Better than expected.,positive
Horrible experience. Would not recommend.,negative
Great purchase! Very satisfied customer.,positive
Poor quality and bad customer service.,negative
Fantastic product! Recommend to everyone.,positive
Received wrong item. Customer service unhelpful.,negative
Excellent value for money. Very happy.,positive
Bad experience with product and delivery.,negative
Love it! Best purchase I made this year.,positive
